id;status;jhi_type;name;code
1;Investment Account XML quantifying;Fish Computers North Dakota;infomediaries multi-byte Handcrafted;EXE Ohio Pataca
2;invoice transition;Crest;Cambridgeshire;XSS Cross-platform quantifying
3;SMTP Avon;Specialist;Garden;Missouri Shirt Rustic Soft Hat
4;mesh;magnetic SMTP Buckinghamshire;Granite JSON Norway;JSON Wisconsin Division
5;Extensions invoice;Principal invoice;monitoring Brunei Dollar e-business;Handcrafted Metal Chicken 3rd generation navigating
6;pixel;bypass;Cote d'Ivoire;synthesizing knowledge base target
7;synthesize;index yellow;Salad Washington salmon;systemic
8;Ball SAS convergence;framework;strategic program;Awesome Soft Mouse vortals
9;deposit;Total;content-based Intelligent;American Samoa Tasty
10;Handcrafted Rubber Sausages;Implemented generate zero administration;Specialist 24 hour Chips;Mobility Colorado violet
