id;document_post_id;file_name;file_name_encrypt;capacity;download_total;status;create_datetime;create_user
1;12090;24/7 Personal Loan Account;optimal;40905;48120;Belize Dollar;2021-06-26T12:38:46;26834
2;57059;River Garden Money Market Account;Rand Hill International;11599;18212;Wisconsin invoice 1080p;2021-06-25T20:19:43;52271
3;55391;Sleek Metal Soap;Chief Ball;62551;86605;Organic RSS;2021-06-25T15:03:54;37160
4;60982;Bedfordshire Taiwan;Afghanistan Dominican Republic Lead;67048;4339;leverage;2021-06-25T22:11:47;17971
5;19479;Handcrafted California;open system Peso Uruguayo Uruguay Peso en Unidades Indexadas;58540;63287;grey secured line;2021-06-26T05:41:05;21110
6;84610;CSS deposit compelling;online Future Cape Verde Escudo;35538;87648;copy Industrial;2021-06-25T20:28:54;84717
7;99337;secondary;Corporate;14089;72869;fault-tolerant pixel Pennsylvania;2021-06-25T22:50:09;60193
8;24701;Customer intranet;IB Berkshire European Unit of Account 17(E.U.A.-17);48863;46784;withdrawal Massachusetts;2021-06-25T23:13:44;19279
9;75375;Chicken;killer Dong;4744;96260;Avon Internal context-sensitive;2021-06-26T12:26:41;87374
10;53448;unleash;Road Texas navigate;87206;77430;Tanzanian Shilling;2021-06-25T17:51:11;64276
