id;name;status
1;Metal sensor;framework Bedfordshire Frozen
2;Product Games Metal;Mountains Fantastic Metal Hat
3;Kids;seize Small Fresh Pizza
4;Small Metal Mouse;Licensed Concrete Pizza
5;Metal deposit;Games Senior Chief
6;Fish;Electronics Pizza
7;alarm visualize;European Unit of Account 17(E.U.A.-17) connecting Personal Loan Account
8;support Expressway Avon;parsing Directives
9;synthesize Representative paradigms;plug-and-play card protocol
10;SCSI SDD Incredible Metal Bike;Pants bypass user-facing
